benchmark,method,budget,seed,best_capability,hypervolume,hypervolume_regret,eps_pareto_hit,evals_to_threshold,auc_best_capability
gsm8k,enss,12,0,0.62,0.5443718133756907,0.0034109432811547657,1,5,0.5808333333333334
gsm8k,enss,12,1,0.52,0.4588829860410774,0.08889977061576809,0,,0.49166666666666653
gsm8k,enss,12,2,0.56,0.48943611243949214,0.05834664421735336,0,,0.5283333333333334
gsm8k,enss,12,3,0.51,0.45264952116060325,0.09513323549624225,0,,0.49166666666666653
gsm8k,enss,12,4,0.59,0.5189217993513554,0.028860957305490098,0,,0.5541666666666667
gsm8k,enss,12,5,0.49,0.4348407981972931,0.1129419584595524,0,,0.48000000000000015
gsm8k,enss,12,6,0.56,0.4945190336548204,0.05326372300202509,0,,0.5433333333333334
gsm8k,enss,12,7,0.56,0.4907075375767299,0.05707521908011559,0,,0.5266666666666667
gsm8k,enss,12,8,0.62,0.5430717431215936,0.00471101353525194,1,8,0.5533333333333333
gsm8k,enss,12,9,0.62,0.5452253569607032,0.002557399696142326,1,1,0.62
gsm8k,enss,12,10,0.5,0.4441432029017612,0.10363955375508432,0,,0.49666666666666665
gsm8k,enss,12,11,0.62,0.5475529345117318,0.00022982214511368948,1,8,0.5558333333333333
gsm8k,enss,12,12,0.59,0.5147402370367986,0.033042519620046895,0,,0.5375
gsm8k,enss,12,13,0.52,0.455594094034701,0.09218866262214448,0,,0.5141666666666665
gsm8k,enss,12,14,0.62,0.5452760904990644,0.0025066661577810567,1,6,0.5950000000000001
gsm8k,enss,12,15,0.52,0.4505313368800695,0.09725141977677598,0,,0.4858333333333332
gsm8k,enss,12,16,0.62,0.5452898483374675,0.0024929083193779844,1,4,0.6025
gsm8k,enss,12,17,0.62,0.5449252173316552,0.0028575393251902836,1,1,0.62
gsm8k,enss,12,18,0.62,0.5412438296529319,0.006538927003913564,1,11,0.5416666666666666
gsm8k,enss,12,19,0.62,0.5469462005126029,0.0008365561442426062,1,4,0.5516666666666667
gsm8k,enss,24,0,0.62,0.545416740962747,0.0023660156940985555,1,5,0.6004166666666664
gsm8k,enss,24,1,0.62,0.5474596964330997,0.0003230602237458413,1,22,0.5229166666666664
gsm8k,enss,24,2,0.62,0.5469874809982396,0.0007952756586059317,1,18,0.5679166666666665
gsm8k,enss,24,3,0.62,0.5477736491235691,9.107533276431212e-06,1,16,0.5420833333333329
gsm8k,enss,24,4,0.56,0.49601992528580446,0.05176283137104104,0,,0.5545833333333337
gsm8k,enss,24,5,0.56,0.4962152572852827,0.0515674993715628,0,,0.5170833333333337
gsm8k,enss,24,6,0.62,0.5477827566568455,0.0,1,17,0.5716666666666665
gsm8k,enss,24,7,0.62,0.5456459351492879,0.0021368215075575625,1,21,0.5533333333333333
gsm8k,enss,24,8,0.62,0.5473311554156634,0.0004516012411821535,1,8,0.5866666666666663
gsm8k,enss,24,9,0.62,0.5472645946648338,0.000518161992011712,1,1,0.6199999999999997
gsm8k,enss,24,10,0.56,0.49601992528580446,0.05176283137104104,0,,0.5283333333333335
gsm8k,enss,24,11,0.62,0.5475529345117318,0.00022982214511368948,1,8,0.5879166666666663
gsm8k,enss,24,12,0.59,0.5161586936693382,0.031624062987507306,0,,0.5637499999999999
gsm8k,enss,24,13,0.62,0.5471793555032312,0.0006034011536143469,1,19,0.5566666666666663
gsm8k,enss,24,14,0.62,0.5462739553119813,0.0015088013448641968,1,6,0.6074999999999997
gsm8k,enss,24,15,0.62,0.5464097864497852,0.0013729702070602867,1,14,0.5491666666666664
gsm8k,enss,24,16,0.62,0.5471505015848438,0.0006322550720017084,1,4,0.6112499999999997
gsm8k,enss,24,17,0.62,0.5455806894310433,0.0022020672258021845,1,1,0.6199999999999997
gsm8k,enss,24,18,0.62,0.5452898483374675,0.0024929083193779844,1,11,0.580833333333333
gsm8k,enss,24,19,0.62,0.5476275925014304,0.00015516415541505513,1,4,0.5858333333333331
gsm8k,enss,36,0,0.62,0.5475510515671383,0.00023170508970715709,1,5,0.6069444444444445
gsm8k,enss,36,1,0.62,0.5477812280081341,1.528648711390801e-06,1,22,0.5552777777777776
gsm8k,enss,36,2,0.62,0.5469874809982396,0.0007952756586059317,1,18,0.5852777777777778
gsm8k,enss,36,3,0.62,0.5477827566568455,0.0,1,16,0.5680555555555554
gsm8k,enss,36,4,0.62,0.5477812280081341,1.528648711390801e-06,1,30,0.568055555555556
gsm8k,enss,36,5,0.56,0.4962152572852827,0.0515674993715628,0,,0.5313888888888889
gsm8k,enss,36,6,0.62,0.5477827566568455,0.0,1,17,0.5877777777777778
gsm8k,enss,36,7,0.62,0.5473750766197607,0.00040768003708480105,1,21,0.5755555555555557
gsm8k,enss,36,8,0.62,0.5477827566568455,0.0,1,8,0.5977777777777777
gsm8k,enss,36,9,0.62,0.5477827566568455,0.0,1,1,0.62
gsm8k,enss,36,10,0.62,0.5475874246573673,0.0001953319994781877,1,26,0.5597222222222223
gsm8k,enss,36,11,0.62,0.5477182652800813,6.449137676423078e-05,1,8,0.598611111111111
gsm8k,enss,36,12,0.62,0.5477827566568455,0.0,1,23,0.5841666666666667
gsm8k,enss,36,13,0.62,0.5475510515671383,0.00023170508970715709,1,19,0.5777777777777777
gsm8k,enss,36,14,0.62,0.5475889533060787,0.0001938033507667969,1,6,0.6116666666666667
gsm8k,enss,36,15,0.62,0.5469995305557673,0.0007832261010781716,1,14,0.5727777777777777
gsm8k,enss,36,16,0.62,0.5476273518821347,0.00015540477471076564,1,4,0.6141666666666666
gsm8k,enss,36,17,0.62,0.5477812280081341,1.528648711390801e-06,1,1,0.62
gsm8k,enss,36,18,0.62,0.5475510515671383,0.00023170508970715709,1,11,0.5938888888888889
gsm8k,enss,36,19,0.62,0.5477827566568455,0.0,1,4,0.5972222222222222
gsm8k,enss,48,0,0.62,0.5477827566568455,0.0,1,5,0.6102083333333336
gsm8k,enss,48,1,0.62,0.5477827566568455,0.0,1,22,0.5714583333333335
gsm8k,enss,48,2,0.62,0.5477827566568455,0.0,1,18,0.5939583333333336
gsm8k,enss,48,3,0.62,0.5477827566568455,0.0,1,16,0.5810416666666668
gsm8k,enss,48,4,0.62,0.5477827566568455,0.0,1,30,0.5810416666666672
gsm8k,enss,48,5,0.62,0.5477827566568455,0.0,1,36,0.554791666666667
gsm8k,enss,48,6,0.62,0.5477827566568455,0.0,1,17,0.5958333333333337
gsm8k,enss,48,7,0.62,0.5477827566568455,0.0,1,21,0.586666666666667
gsm8k,enss,48,8,0.62,0.5477827566568455,0.0,1,8,0.6033333333333336
gsm8k,enss,48,9,0.62,0.5477827566568455,0.0,1,1,0.6200000000000002
gsm8k,enss,48,10,0.62,0.5477827566568455,0.0,1,26,0.574791666666667
gsm8k,enss,48,11,0.62,0.5477827566568455,0.0,1,8,0.6039583333333335
gsm8k,enss,48,12,0.62,0.5477827566568455,0.0,1,23,0.5931250000000002
gsm8k,enss,48,13,0.62,0.5477827566568455,0.0,1,19,0.5883333333333335
gsm8k,enss,48,14,0.62,0.5477827566568455,0.0,1,6,0.6137500000000002
gsm8k,enss,48,15,0.62,0.5477827566568455,0.0,1,14,0.5845833333333336
gsm8k,enss,48,16,0.62,0.5477827566568455,0.0,1,4,0.6156250000000002
gsm8k,enss,48,17,0.62,0.5477827566568455,0.0,1,1,0.6200000000000002
gsm8k,enss,48,18,0.62,0.5477827566568455,0.0,1,11,0.6004166666666669
gsm8k,enss,48,19,0.62,0.5477827566568455,0.0,1,4,0.6029166666666669
gsm8k,random,12,0,0.53,0.46453635520115466,0.08324640145569084,0,,0.5191666666666668
gsm8k,random,12,1,0.59,0.516793363148838,0.030989393508007557,0,,0.5424999999999999
gsm8k,random,12,2,0.59,0.5114077620244467,0.036374994632398794,0,,0.5358333333333333
gsm8k,random,12,3,0.62,0.5443311469239532,0.003451609732892269,1,10,0.5141666666666668
gsm8k,random,12,4,0.59,0.5148423330105134,0.032940423646332095,0,,0.5566666666666668
gsm8k,random,12,5,0.62,0.5444734356657129,0.0033093209911325694,1,11,0.5433333333333333
gsm8k,random,12,6,0.56,0.4758245519194258,0.0719582047374197,0,,0.5433333333333334
gsm8k,random,12,7,0.56,0.48613235737269694,0.06165039928414856,0,,0.5183333333333332
gsm8k,random,12,8,0.53,0.4664455389336948,0.08133721772315072,0,,0.5191666666666668
gsm8k,random,12,9,0.62,0.5452202126523336,0.0025625440045119463,1,1,0.62
gsm8k,random,12,10,0.52,0.4542121998668683,0.09357055678997722,0,,0.5049999999999999
gsm8k,random,12,11,0.62,0.5453266883151788,0.002456068341666673,1,9,0.5466666666666666
gsm8k,random,12,12,0.59,0.5140560189545627,0.03372673770228285,0,,0.5599999999999999
gsm8k,random,12,13,0.59,0.5138249005820457,0.03395785607479984,0,,0.5608333333333332
gsm8k,random,12,14,0.59,0.5134192241343232,0.03436353252252233,0,,0.58
gsm8k,random,12,15,0.53,0.46625821582604854,0.08152454083079697,0,,0.49250000000000016
gsm8k,random,12,16,0.62,0.5446992957533138,0.0030834609035317317,1,4,0.6025
gsm8k,random,12,17,0.62,0.5444931686544785,0.0032895880023670054,1,1,0.62
gsm8k,random,12,18,0.62,0.5449711925009989,0.002811564155846602,1,11,0.5416666666666666
gsm8k,random,12,19,0.62,0.5452872855409852,0.002495471115860348,1,4,0.5516666666666667
gsm8k,random,24,0,0.59,0.5166623110212442,0.031120445635601346,0,,0.5370833333333332
gsm8k,random,24,1,0.59,0.5171837726550587,0.030598984001786844,0,,0.5662499999999999
gsm8k,random,24,2,0.62,0.5472630660161224,0.0005196906407231028,1,15,0.5754166666666664
gsm8k,random,24,3,0.62,0.5469588641040298,0.0008238925528156749,1,10,0.567083333333333
gsm8k,random,24,4,0.62,0.5475798457728023,0.0002029108840432281,1,17,0.5833333333333331
gsm8k,random,24,5,0.62,0.5457951667659454,0.0019875898909000878,1,11,0.5816666666666663
gsm8k,random,24,6,0.62,0.5463182381160905,0.001464518540755022,1,21,0.5716666666666665
gsm8k,random,24,7,0.56,0.4937085911275016,0.05407416552934391,0,,0.5391666666666669
gsm8k,random,24,8,0.62,0.545975327959011,0.0018074286978344567,1,18,0.5633333333333331
gsm8k,random,24,9,0.62,0.5459777588455098,0.0018049978113356957,1,1,0.6199999999999997
gsm8k,random,24,10,0.62,0.5442531098131179,0.003529646843727585,1,17,0.5466666666666663
gsm8k,random,24,11,0.62,0.5475526938924361,0.0002300627644094,1,9,0.583333333333333
gsm8k,random,24,12,0.62,0.5468696595783108,0.0009130970785347081,1,21,0.5799999999999997
gsm8k,random,24,13,0.62,0.5453465768351038,0.002436179821741713,1,21,0.5804166666666665
gsm8k,random,24,14,0.59,0.5173802110103052,0.030402545646540324,0,,0.5849999999999999
gsm8k,random,24,15,0.59,0.5195379264998943,0.02824483015695123,0,,0.5262500000000002
gsm8k,random,24,16,0.62,0.5456129891390459,0.0021697675177996256,1,4,0.6112499999999997
gsm8k,random,24,17,0.62,0.547320988802729,0.0004617678541165571,1,1,0.6199999999999997
gsm8k,random,24,18,0.62,0.5470450517495912,0.0007377049072543329,1,11,0.580833333333333
gsm8k,random,24,19,0.62,0.5476260638527191,0.00015669280412644593,1,4,0.5858333333333331
gsm8k,random,36,0,0.62,0.5470549143992552,0.000727842257590261,1,36,0.5555555555555556
gsm8k,random,36,1,0.59,0.5175614350714813,0.03022132158536417,0,,0.5741666666666666
gsm8k,random,36,2,0.62,0.5476260638527191,0.00015669280412644593,1,15,0.5902777777777777
gsm8k,random,36,3,0.62,0.5474310409154607,0.0003517157413848171,1,10,0.5847222222222223
gsm8k,random,36,4,0.62,0.5477827566568455,0.0,1,17,0.5955555555555556
gsm8k,random,36,5,0.62,0.547320988802729,0.0004617678541165571,1,11,0.5944444444444444
gsm8k,random,36,6,0.62,0.5477827566568455,0.0,1,21,0.5877777777777778
gsm8k,random,36,7,0.62,0.5475889533060787,0.0001938033507667969,1,34,0.5519444444444447
gsm8k,random,36,8,0.62,0.5475798457728023,0.0002029108840432281,1,18,0.5822222222222222
gsm8k,random,36,9,0.62,0.5473575572785915,0.00042519937825402643,1,1,0.62
gsm8k,random,36,10,0.62,0.5475080738471941,0.00027468280965137204,1,17,0.571111111111111
gsm8k,random,36,11,0.62,0.5477182652800813,6.449137676423078e-05,1,9,0.5955555555555555
gsm8k,random,36,12,0.62,0.5475892623682986,0.00019349428854686934,1,21,0.5933333333333333
gsm8k,random,36,13,0.62,0.5461750310592333,0.0016077255976122418,1,21,0.5936111111111111
gsm8k,random,36,14,0.62,0.5465804575627898,0.00120229909405567,1,26,0.5958333333333334
gsm8k,random,36,15,0.62,0.547253958482846,0.000528798173999534,1,34,0.5500000000000003
gsm8k,random,36,16,0.62,0.5476275925014304,0.00015516415541505513,1,4,0.6141666666666666
gsm8k,random,36,17,0.62,0.547320988802729,0.0004617678541165571,1,1,0.62
gsm8k,random,36,18,0.62,0.5475801548350222,0.00020260182182330055,1,11,0.5938888888888889
gsm8k,random,36,19,0.62,0.5477827566568455,0.0,1,4,0.5972222222222222
gsm8k,random,48,0,0.62,0.5477827566568455,0.0,1,36,0.5716666666666669
gsm8k,random,48,1,0.62,0.5477827566568455,0.0,1,46,0.58
gsm8k,random,48,2,0.62,0.5477827566568455,0.0,1,15,0.5977083333333335
gsm8k,random,48,3,0.62,0.5477827566568455,0.0,1,10,0.593541666666667
gsm8k,random,48,4,0.62,0.5477827566568455,0.0,1,17,0.6016666666666669
gsm8k,random,48,5,0.62,0.5477827566568455,0.0,1,11,0.6008333333333336
gsm8k,random,48,6,0.62,0.5477827566568455,0.0,1,21,0.5958333333333337
gsm8k,random,48,7,0.62,0.5477827566568455,0.0,1,34,0.5689583333333338
gsm8k,random,48,8,0.62,0.5477827566568455,0.0,1,18,0.5916666666666669
gsm8k,random,48,9,0.62,0.5477827566568455,0.0,1,1,0.6200000000000002
gsm8k,random,48,10,0.62,0.5477827566568455,0.0,1,17,0.5833333333333335
gsm8k,random,48,11,0.62,0.5477827566568455,0.0,1,9,0.6016666666666669
gsm8k,random,48,12,0.62,0.5477827566568455,0.0,1,21,0.6000000000000002
gsm8k,random,48,13,0.62,0.5477827566568455,0.0,1,21,0.6002083333333336
gsm8k,random,48,14,0.62,0.5477827566568455,0.0,1,26,0.6018750000000003
gsm8k,random,48,15,0.62,0.5477827566568455,0.0,1,34,0.5675000000000004
gsm8k,random,48,16,0.62,0.5477827566568455,0.0,1,4,0.6156250000000002
gsm8k,random,48,17,0.62,0.5477827566568455,0.0,1,1,0.6200000000000002
gsm8k,random,48,18,0.62,0.5477827566568455,0.0,1,11,0.6004166666666669
gsm8k,random,48,19,0.62,0.5477827566568455,0.0,1,4,0.6029166666666669
pubmedqa,enss,12,0,0.53,0.3854026371777399,0.037515537303312196,0,,0.4975000000000001
pubmedqa,enss,12,1,0.56,0.4072123192841084,0.01570585519694373,0,,0.5550000000000002
pubmedqa,enss,12,2,0.58,0.4128663804173268,0.010051794063725306,1,4,0.5683333333333334
pubmedqa,enss,12,3,0.54,0.3924255093053676,0.030492665175684497,0,,0.5125000000000001
pubmedqa,enss,12,4,0.56,0.4072123192841084,0.01570585519694373,0,,0.5566666666666668
pubmedqa,enss,12,5,0.59,0.4182148864692349,0.0047032880118172415,1,12,0.5441666666666667
pubmedqa,enss,12,6,0.58,0.41741005714532636,0.00550811733572576,1,11,0.5633333333333335
pubmedqa,enss,12,7,0.59,0.41860193463360723,0.0043162398474448915,1,12,0.5258333333333334
pubmedqa,enss,12,8,0.54,0.3924751116950831,0.030443062785969033,0,,0.54
pubmedqa,enss,12,9,0.54,0.3924255093053676,0.030492665175684497,0,,0.5341666666666667
pubmedqa,enss,12,10,0.59,0.4229181744810521,0.0,1,12,0.5625000000000001
pubmedqa,enss,12,11,0.58,0.41741005714532636,0.00550811733572576,1,7,0.5583333333333333
pubmedqa,enss,12,12,0.59,0.418458152316083,0.004460022164969102,1,9,0.5499999999999999
pubmedqa,enss,12,13,0.54,0.3922817269878434,0.030636447493208707,0,,0.54
pubmedqa,enss,12,14,0.59,0.4229181744810521,0.0,1,2,0.5816666666666666
pubmedqa,enss,12,15,0.59,0.4081178830977568,0.014800291383295305,1,4,0.5725
pubmedqa,enss,12,16,0.56,0.4072123192841084,0.01570585519694373,0,,0.5400000000000001
pubmedqa,enss,12,17,0.59,0.41349689488617813,0.009421279594873988,1,8,0.5541666666666666
pubmedqa,enss,12,18,0.59,0.4142324236380667,0.008685750842985396,1,11,0.5483333333333333
pubmedqa,enss,12,19,0.59,0.41840854992636756,0.004509624554684566,1,7,0.5616666666666666
pubmedqa,enss,24,0,0.56,0.4072123192841084,0.01570585519694373,0,,0.525416666666667
pubmedqa,enss,24,1,0.58,0.41741005714532636,0.00550811733572576,1,18,0.5633333333333336
pubmedqa,enss,24,2,0.58,0.41741005714532636,0.00550811733572576,1,4,0.5741666666666667
pubmedqa,enss,24,3,0.59,0.4186515370233227,0.0042666374577294275,1,21,0.5345833333333333
pubmedqa,enss,24,4,0.59,0.4229181744810521,0.0,1,16,0.5687500000000001
pubmedqa,enss,24,5,0.59,0.4229181744810521,0.0,1,12,0.5670833333333333
pubmedqa,enss,24,6,0.58,0.41741005714532636,0.00550811733572576,1,11,0.5716666666666668
pubmedqa,enss,24,7,0.56,0.4072123192841084,0.01570585519694373,0,,0.5425000000000003
pubmedqa,enss,24,8,0.58,0.41741005714532636,0.00550811733572576,1,22,0.5475
pubmedqa,enss,24,9,0.56,0.4072123192841084,0.01570585519694373,0,,0.5387499999999998
pubmedqa,enss,24,10,0.56,0.4072123192841084,0.01570585519694373,0,,0.5600000000000004
pubmedqa,enss,24,11,0.58,0.41741005714532636,0.00550811733572576,1,7,0.5691666666666667
pubmedqa,enss,24,12,0.59,0.418458152316083,0.004460022164969102,1,9,0.57
pubmedqa,enss,24,13,0.59,0.4229181744810521,0.0,1,20,0.5554166666666668
pubmedqa,enss,24,14,0.59,0.4229181744810521,0.0,1,2,0.5858333333333332
pubmedqa,enss,24,15,0.59,0.418458152316083,0.004460022164969102,1,4,0.5812499999999999
pubmedqa,enss,24,16,0.58,0.41741005714532636,0.00550811733572576,1,19,0.5550000000000003
pubmedqa,enss,24,17,0.59,0.41786285420099095,0.005055320280061171,1,8,0.5720833333333333
pubmedqa,enss,24,18,0.59,0.4186515370233227,0.0042666374577294275,1,11,0.5691666666666666
pubmedqa,enss,24,19,0.59,0.4229181744810521,0.0,1,7,0.5758333333333333
pubmedqa,enss,36,0,0.59,0.4229181744810521,0.0,1,35,0.5377777777777779
pubmedqa,enss,36,1,0.59,0.4229181744810521,0.0,1,18,0.5719444444444446
pubmedqa,enss,36,2,0.59,0.4229181744810521,0.0,1,4,0.5794444444444444
pubmedqa,enss,36,3,0.59,0.4229181744810521,0.0,1,21,0.5530555555555554
pubmedqa,enss,36,4,0.59,0.4229181744810521,0.0,1,16,0.5758333333333333
pubmedqa,enss,36,5,0.59,0.4229181744810521,0.0,1,12,0.5747222222222221
pubmedqa,enss,36,6,0.59,0.4229181744810521,0.0,1,11,0.576111111111111
pubmedqa,enss,36,7,0.58,0.41741005714532636,0.00550811733572576,1,34,0.55
pubmedqa,enss,36,8,0.58,0.41741005714532636,0.00550811733572576,1,22,0.558333333333333
pubmedqa,enss,36,9,0.56,0.4072123192841084,0.01570585519694373,0,,0.5458333333333331
pubmedqa,enss,36,10,0.58,0.41741005714532636,0.00550811733572576,1,25,0.5666666666666665
pubmedqa,enss,36,11,0.59,0.4229181744810521,0.0,1,7,0.5755555555555555
pubmedqa,enss,36,12,0.59,0.4229181744810521,0.0,1,9,0.5766666666666667
pubmedqa,enss,36,13,0.59,0.4229181744810521,0.0,1,20,0.5669444444444445
pubmedqa,enss,36,14,0.59,0.4229181744810521,0.0,1,2,0.5872222222222221
pubmedqa,enss,36,15,0.59,0.4229181744810521,0.0,1,4,0.5841666666666666
pubmedqa,enss,36,16,0.58,0.41741005714532636,0.00550811733572576,1,19,0.5633333333333331
pubmedqa,enss,36,17,0.59,0.4229181744810521,0.0,1,8,0.5780555555555555
pubmedqa,enss,36,18,0.59,0.4229181744810521,0.0,1,11,0.576111111111111
pubmedqa,enss,36,19,0.59,0.4229181744810521,0.0,1,7,0.5805555555555555
pubmedqa,enss,48,0,0.59,0.4229181744810521,0.0,1,42,0.5464583333333333
pubmedqa,enss,48,1,0.59,0.4229181744810521,0.0,1,18,0.5764583333333334
pubmedqa,enss,48,2,0.59,0.4229181744810521,0.0,1,4,0.5820833333333333
pubmedqa,enss,48,3,0.59,0.4229181744810521,0.0,1,21,0.5622916666666665
pubmedqa,enss,48,4,0.59,0.4229181744810521,0.0,1,16,0.579375
pubmedqa,enss,48,5,0.59,0.4229181744810521,0.0,1,12,0.5785416666666666
pubmedqa,enss,48,6,0.59,0.4229181744810521,0.0,1,11,0.5795833333333332
pubmedqa,enss,48,7,0.59,0.4229181744810521,0.0,1,34,0.5585416666666664
pubmedqa,enss,48,8,0.59,0.4229181744810521,0.0,1,22,0.5664583333333331
pubmedqa,enss,48,9,0.59,0.4229181744810521,0.0,1,36,0.5564583333333329
pubmedqa,enss,48,10,0.59,0.4229181744810521,0.0,1,25,0.5710416666666663
pubmedqa,enss,48,11,0.59,0.4229181744810521,0.0,1,7,0.5791666666666666
pubmedqa,enss,48,12,0.59,0.4229181744810521,0.0,1,9,0.58
pubmedqa,enss,48,13,0.59,0.4229181744810521,0.0,1,20,0.5727083333333333
pubmedqa,enss,48,14,0.59,0.4229181744810521,0.0,1,2,0.5879166666666665
pubmedqa,enss,48,15,0.59,0.4229181744810521,0.0,1,4,0.585625
pubmedqa,enss,48,16,0.59,0.4229181744810521,0.0,1,19,0.5691666666666664
pubmedqa,enss,48,17,0.59,0.4229181744810521,0.0,1,8,0.5810416666666666
pubmedqa,enss,48,18,0.59,0.4229181744810521,0.0,1,11,0.5795833333333332
pubmedqa,enss,48,19,0.59,0.4229181744810521,0.0,1,7,0.5829166666666666
pubmedqa,random,12,0,0.58,0.4173604547556109,0.005557719725441224,1,6,0.5333333333333333
pubmedqa,random,12,1,0.54,0.3924751116950831,0.030443062785969033,0,,0.54
pubmedqa,random,12,2,0.58,0.41267131086305725,0.010246863617994872,1,4,0.5683333333333334
pubmedqa,random,12,3,0.59,0.4184026580791454,0.004515516401906727,1,11,0.52
pubmedqa,random,12,4,0.56,0.40720625361520024,0.01571192086585188,0,,0.5566666666666668
pubmedqa,random,12,5,0.55,0.397275652296558,0.025642522184494143,0,,0.5433333333333333
pubmedqa,random,12,6,0.56,0.4072123192841084,0.01570585519694373,0,,0.5600000000000002
pubmedqa,random,12,7,0.59,0.418458152316083,0.004460022164969102,1,10,0.5341666666666667
pubmedqa,random,12,8,0.54,0.39223212459812795,0.03068604988292417,0,,0.54
pubmedqa,random,12,9,0.54,0.3924751116950831,0.030443062785969033,0,,0.5341666666666667
pubmedqa,random,12,10,0.56,0.40716271689439293,0.015755457586659194,0,,0.5600000000000002
pubmedqa,random,12,11,0.56,0.40716271689439293,0.015755457586659194,0,,0.5483333333333335
pubmedqa,random,12,12,0.56,0.40716271689439293,0.015755457586659194,0,,0.5433333333333334
pubmedqa,random,12,13,0.58,0.41255848914267024,0.010359685338381885,1,6,0.5633333333333334
pubmedqa,random,12,14,0.59,0.41863639302994965,0.004281781451102473,1,2,0.5816666666666666
pubmedqa,random,12,15,0.58,0.41725531649453623,0.00566285798651589,1,4,0.5700000000000001
pubmedqa,random,12,16,0.54,0.3921588064200419,0.030759368061010206,0,,0.5366666666666667
pubmedqa,random,12,17,0.55,0.39757260657803384,0.025345567903018285,0,,0.535
pubmedqa,random,12,18,0.54,0.3921630134202342,0.030755161060817937,0,,0.54
pubmedqa,random,12,19,0.56,0.4072123192841084,0.01570585519694373,0,,0.5458333333333334
pubmedqa,random,24,0,0.58,0.4173604547556109,0.005557719725441224,1,6,0.5566666666666668
pubmedqa,random,24,1,0.59,0.4186515370233227,0.0042666374577294275,1,15,0.5583333333333333
pubmedqa,random,24,2,0.58,0.41741005714532636,0.00550811733572576,1,4,0.5741666666666667
pubmedqa,random,24,3,0.59,0.42286857209133666,4.9602389715464046e-05,1,11,0.5549999999999999
pubmedqa,random,24,4,0.58,0.41741005714532636,0.00550811733572576,1,23,0.5600000000000003
pubmedqa,random,24,5,0.59,0.42291210881214397,6.065668908150634e-06,1,13,0.5666666666666665
pubmedqa,random,24,6,0.58,0.41741005714532636,0.00550811733572576,1,20,0.5641666666666669
pubmedqa,random,24,7,0.59,0.4229181744810521,0.0,1,10,0.5620833333333333
pubmedqa,random,24,8,0.58,0.41741005714532636,0.00550811733572576,1,15,0.5566666666666668
pubmedqa,random,24,9,0.56,0.4072123192841084,0.01570585519694373,0,,0.5420833333333334
pubmedqa,random,24,10,0.56,0.40716271689439293,0.015755457586659194,0,,0.5600000000000004
pubmedqa,random,24,11,0.56,0.4072123192841084,0.01570585519694373,0,,0.554166666666667
pubmedqa,random,24,12,0.59,0.4229181744810521,0.0,1,17,0.5616666666666668
pubmedqa,random,24,13,0.58,0.4174039914764182,0.00551418300463391,1,6,0.5716666666666667
pubmedqa,random,24,14,0.59,0.4229181744810521,0.0,1,2,0.5858333333333332
pubmedqa,random,24,15,0.58,0.41741005714532636,0.00550811733572576,1,4,0.5750000000000001
pubmedqa,random,24,16,0.56,0.4072123192841084,0.01570585519694373,0,,0.5466666666666669
pubmedqa,random,24,17,0.59,0.41863639302994965,0.004281781451102473,1,13,0.5591666666666667
pubmedqa,random,24,18,0.56,0.4072123192841084,0.01570585519694373,0,,0.5462500000000002
pubmedqa,random,24,19,0.59,0.4229181744810521,0.0,1,23,0.5554166666666669
pubmedqa,random,36,0,0.59,0.4229181744810521,0.0,1,6,0.5666666666666668
pubmedqa,random,36,1,0.59,0.4229181744810521,0.0,1,15,0.5688888888888889
pubmedqa,random,36,2,0.59,0.4229181744810521,0.0,1,4,0.5772222222222221
pubmedqa,random,36,3,0.59,0.4229181744810521,0.0,1,11,0.5666666666666667
pubmedqa,random,36,4,0.58,0.41741005714532636,0.00550811733572576,1,23,0.5666666666666665
pubmedqa,random,36,5,0.59,0.42291210881214397,6.065668908150634e-06,1,13,0.5744444444444443
pubmedqa,random,36,6,0.58,0.41741005714532636,0.00550811733572576,1,20,0.5694444444444442
pubmedqa,random,36,7,0.59,0.4229181744810521,0.0,1,10,0.5713888888888888
pubmedqa,random,36,8,0.59,0.4229181744810521,0.0,1,15,0.5663888888888889
pubmedqa,random,36,9,0.59,0.4229181744810521,0.0,1,27,0.5563888888888889
pubmedqa,random,36,10,0.59,0.4229181744810521,0.0,1,34,0.5622222222222223
pubmedqa,random,36,11,0.59,0.4229181744810521,0.0,1,26,0.5630555555555555
pubmedqa,random,36,12,0.59,0.4229181744810521,0.0,1,17,0.5711111111111111
pubmedqa,random,36,13,0.59,0.4229181744810521,0.0,1,6,0.5755555555555554
pubmedqa,random,36,14,0.59,0.4229181744810521,0.0,1,2,0.5872222222222221
pubmedqa,random,36,15,0.58,0.41741005714532636,0.00550811733572576,1,4,0.5766666666666663
pubmedqa,random,36,16,0.56,0.4072123192841084,0.01570585519694373,0,,0.5511111111111111
pubmedqa,random,36,17,0.59,0.4229181744810521,0.0,1,13,0.5694444444444444
pubmedqa,random,36,18,0.59,0.4229181744810521,0.0,1,28,0.5583333333333335
pubmedqa,random,36,19,0.59,0.4229181744810521,0.0,1,23,0.5669444444444446
pubmedqa,random,48,0,0.59,0.4229181744810521,0.0,1,6,0.5725
pubmedqa,random,48,1,0.59,0.4229181744810521,0.0,1,15,0.5741666666666666
pubmedqa,random,48,2,0.59,0.4229181744810521,0.0,1,4,0.5804166666666665
pubmedqa,random,48,3,0.59,0.4229181744810521,0.0,1,11,0.5724999999999999
pubmedqa,random,48,4,0.59,0.4229181744810521,0.0,1,23,0.5722916666666665
pubmedqa,random,48,5,0.59,0.4229181744810521,0.0,1,13,0.5783333333333333
pubmedqa,random,48,6,0.59,0.4229181744810521,0.0,1,20,0.5731249999999996
pubmedqa,random,48,7,0.59,0.4229181744810521,0.0,1,10,0.5760416666666666
pubmedqa,random,48,8,0.59,0.4229181744810521,0.0,1,15,0.5722916666666666
pubmedqa,random,48,9,0.59,0.4229181744810521,0.0,1,27,0.5647916666666667
pubmedqa,random,48,10,0.59,0.4229181744810521,0.0,1,34,0.5691666666666667
pubmedqa,random,48,11,0.59,0.4229181744810521,0.0,1,26,0.5697916666666666
pubmedqa,random,48,12,0.59,0.4229181744810521,0.0,1,17,0.5758333333333333
pubmedqa,random,48,13,0.59,0.4229181744810521,0.0,1,6,0.5791666666666665
pubmedqa,random,48,14,0.59,0.4229181744810521,0.0,1,2,0.5879166666666665
pubmedqa,random,48,15,0.59,0.4229181744810521,0.0,1,4,0.5785416666666662
pubmedqa,random,48,16,0.59,0.4229181744810521,0.0,1,38,0.5602083333333333
pubmedqa,random,48,17,0.59,0.4229181744810521,0.0,1,13,0.5745833333333333
pubmedqa,random,48,18,0.59,0.4229181744810521,0.0,1,28,0.56625
pubmedqa,random,48,19,0.59,0.4229181744810521,0.0,1,23,0.5727083333333334
